<?xml version="1.0" encoding="UTF-8"?>
<!--
To change this license header, choose License Headers in Project Properties.
To change this template file, choose Tools | Templates
and open the template in the editor.
-->


<schop>
    <customer>
        <person>
            <id>0</id>
            <firstname>Laura</firstname>
            <lastname>Steel</lastname>
            <street>429 Sevent Av.</street>   
            <city>Dallas</city>
        </person>
        <Invoice>
            
            <invoiceid>1</invoiceid>
            <items>
                
                <product>
                    <pos>1</pos>
                    <productid>0</productid>
                    <productname>Iron Iron</productname>
                    <price>5.40</price>
                    <quantity></quantity>
                    <cost></cost>
                </product>
            
                <product>
                    <pos>2</pos>
                    <productid>1</productid>
                    <productname>Chair Iron</productname>
                    <price></price>
                    <quantity></quantity>
                    <cost></cost>
                </product>
            </items>
            
            <total></total>
        </Invoice>
    </customer>
    <customer>
        <id>1</id>
        <firstname>Robert</firstname>
        <lastname>King</lastname>
        <street>267 -20th Ave.</street>   
        <city>Seattle</city>
        <invoice>
            <id></id>
            <customerid></customerid>
            <total></total>
        </invoice>
    </customer>
</schop>
